Target,df,drfold,rf,rhofold, rnac, trr, 3drna
7yoj,0.5952380952380952,0.4880952380952381,0.1865079365079365,0.3968253968253968,0.5992063492063492,0.5436507936507936,0.5357142857142857
7uri,0.7943262411347518,0.75177304964539,0.3333333333333333,0.6666666666666666,0.3971631205673759,0.7092198581560284,0.5815602836879432
7qr4,0.7471264367816092,0.26436781609195403,0.632183908045977,0.5057471264367817,0.20689655172413793,0.5402298850574713,0.22988505747126436
8h1j,0.4768211920529801,0.33112582781456956,0.44370860927152317,0.4304635761589404,0.3509933774834437,0.25165562913907286,0.12582781456953643
8dp3,0.6884057971014492,0.7318840579710145,0.6376811594202898,0.7101449275362319,0.6666666666666666,0.7101449275362319,0.717391304347826
7wju,0.5147058823529411,0.6127450980392157,0.11274509803921569,0.5686274509803921,0.19117647058823528,0.5098039215686274,0.4411764705882353
8bgu,0.8146341463414634,0.848780487804878,0.8292682926829268,0.8585365853658536,0.35121951219512193,0.8585365853658536,0.4
7xjz,0.831858407079646,0.8761061946902655,0.9203539823008849,0.8672566371681416,0.415929203539823,0.8849557522123894,0.4336283185840708
8ex9,0.5496688741721855,0.31125827814569534,0.45695364238410596,0.4900662251655629,0.423841059602649,0.2913907284768212,0.2980132450331126
7ur5,0.7876712328767124,0.7534246575342466,0.2534246575342466,0.773972602739726,0.3904109589041096,0.6575342465753424,0.5821917808219178
7xd3,0.5817245817245817,,0.4517374517374517,0.5045045045045045,0.34491634491634493,0.5212355212355212,0.3539253539253539
7wi9,0.8115942028985508,0.7536231884057971,0.6956521739130435,0.7391304347826086,0.7101449275362319,0.6811594202898551,0.7391304347826086
8f4o,0.7767857142857143,0.8125,0.8035714285714286,0.8214285714285714,0.38392857142857145,0.75,0.33035714285714285
8d9l,0.75,0.8125,0.7767857142857143,0.8392857142857143,0.4107142857142857,0.8214285714285714,0.3392857142857143
8gxb,0.3162393162393162,0.27350427350427353,0.2564102564102564,0.5299145299145299,0.2564102564102564,0.23931623931623933,0.017094017094017096
8sxl,0.0,0.0,0.0,0.0,0.0,0.0,0.0
7u0y,0.6893203883495146,0.7184466019417476,0.6699029126213593,0.4368932038834951,0.5436893203883495,0.6990291262135923,0.6893203883495146
8eyu,0.5257731958762887,0.6082474226804123,0.422680412371134,0.4329896907216495,0.4020618556701031,0.422680412371134,0.38144329896907214
8bf8,0.5139664804469274,0.29608938547486036,0.45251396648044695,0.49162011173184356,0.43575418994413406,0.2569832402234637,0.24022346368715083
7yr6,0.6052631578947368,0.6666666666666666,0.4824561403508772,0.6666666666666666,0.6491228070175439,0.6140350877192983,0.5526315789473685
7zj5,0.3876651982378855,0.5653450807635829,0.26284875183553597,0.22026431718061673,0.55359765051395,0.4948604992657856,0.5433186490455213
7qsh,0.9375,0.90625,0.9375,0.875,0.6875,0.875,0.59375
8fcs,0.83,0.88,0.84,0.78,0.76,0.84,0.85
8fzr,0.46938775510204084,0.564625850340136,0.5034013605442177,0.48299319727891155,0.5034013605442177,0.4557823129251701,0.48299319727891155
